{"cameraMode":{"drawMode":0,"name":"Shaded","section":"Shading Mode"},"sceneLighting":true,"audioPlay":false,"sceneViewState":{"showFog":true,"showMaterialUpdate":true,"showSkybox":true,"showFlares":true,"showImageEffects":true,"showParticleSystems":true},"in2DMode":false,"pivot":{"x":0.77114337682724,"y":2.572866201400757,"z":-5.754800796508789},"rotation":{"x":-0.07474313676357269,"y":0.8729385733604431,"z":-0.1416010856628418,"w":-0.46080467104911806},"size":0.7490915656089783,"orthographic":false}