{"cameraMode":{"drawMode":0,"name":"Shaded","section":"Shading Mode"},"sceneLighting":true,"audioPlay":false,"sceneViewState":{"showFog":true,"showMaterialUpdate":true,"showSkybox":true,"showFlares":true,"showImageEffects":true,"showParticleSystems":true},"in2DMode":false,"pivot":{"x":-1.1709833145141602,"y":0.9963923096656799,"z":-0.5545344352722168},"rotation":{"x":-0.12020555138587952,"y":0.8020579814910889,"z":-0.17247243225574494,"w":-0.5590231418609619},"size":0.9008433222770691,"orthographic":false}